scene007a.JPG,1
scene007b.JPG,1
scene007c.JPG,1
scene007d.JPG,1
scene007e.JPG,1
scene007f.JPG,1
scene007g.JPG,1
scene008a.JPG,2
scene008b.JPG,2
scene009a.JPG,3
scene009b.JPG,3
scene009c.JPG,3
scene009d.JPG,3
scene009e.JPG,3
scene009f.JPG,3
scene010a.JPG,4
scene010b.JPG,4
scene010c.JPG,4
scene010d.JPG,4
scene011a.JPG,5
scene011b.JPG,5
scene011c.JPG,5
scene012a.JPG,6
scene012b.JPG,6
scene012c.JPG,6
scene012d.JPG,6
scene013a.JPG,7
scene013b.JPG,7
scene013c.JPG,7
scene013d.JPG,7
scene014a.JPG,8
scene014b.JPG,8
scene014c.JPG,8
scene014d.JPG,8
scene015a.JPG,9
scene015b.JPG,9
scene015c.JPG,9
scene015d.JPG,9
scene015e.JPG,9
scene016a.JPG,10
scene016b.JPG,10
scene016c.JPG,10
scene016d.JPG,10
scene016e.JPG,10
scene017a.JPG,11
scene017b.JPG,11
scene017c.JPG,11
scene017d.JPG,11
scene017e.JPG,11
scene017f.JPG,11
scene017g.JPG,11
scene018a.JPG,12
scene018b.JPG,12
scene018c.JPG,12
scene018d.JPG,12
scene018e.JPG,12
scene019a.JPG,13
scene019b.JPG,13
scene019c.JPG,13
scene019d.JPG,13
scene019e.JPG,13
scene020a.JPG,14
scene020b.JPG,14
scene020c.JPG,14
scene020d.JPG,14
scene021a.JPG,15
scene021b.JPG,15
scene021c.JPG,15
scene021d.JPG,15
scene021e.JPG,15
scene021f.JPG,15
scene021g.JPG,15
scene022a.JPG,16
scene022b.JPG,16
scene022c.JPG,16
scene022d.JPG,16
scene022e.JPG,16
scene023a.JPG,17
scene023b.JPG,17
scene023c.JPG,17
scene023d.JPG,17
scene023e.JPG,17
scene023f.JPG,17
scene023g.JPG,17
scene024a.JPG,18
scene024b.JPG,18
scene024c.JPG,18
scene024d.JPG,18
scene024e.JPG,18
scene024f.JPG,18
scene025a.JPG,19
scene025b.JPG,19
scene025c.JPG,19
scene025d.JPG,19
scene026a.JPG,20
scene026b.JPG,20
scene026c.JPG,20
scene026d.JPG,20
scene027a.JPG,21
scene027b.JPG,21
scene027c.JPG,21
scene027d.JPG,21
scene027e.JPG,21
scene027f.JPG,21
scene027g.JPG,21
scene027h.JPG,21
scene027i.JPG,21
scene027j.JPG,21
scene027k.JPG,21
scene027l.JPG,21
scene027m.JPG,21
scene027n.JPG,21
scene027o.JPG,21
scene027p.JPG,21
scene027q.JPG,21
scene028a.JPG,22
scene028b.JPG,22
scene028c.JPG,22
scene028d.JPG,22
scene028e.JPG,22
scene029a.JPG,23
scene029b.JPG,23
scene029c.JPG,23
scene030a.JPG,24
scene031a.JPG,25
scene031b.JPG,25
scene031c.JPG,25
scene031d.JPG,25
scene032a.JPG,26
scene032b.JPG,26
scene032c.JPG,26
scene032d.JPG,26
scene032e.JPG,26
scene032fa.JPG,26
scene033a.JPG,27
scene033b.JPG,27
scene033c.JPG,27
scene033d.JPG,27
scene034a.JPG,28
scene034b.JPG,28
scene034c.JPG,28
scene034d.JPG,28
scene034e.JPG,28
scene034f.JPG,28
scene034g.JPG,28
scene035a.JPG,29
scene035b.JPG,29
scene035c.JPG,29
scene035d.JPG,29
scene036a.JPG,30
scene036b.JPG,30
scene036c.JPG,30
scene036d.JPG,30
scene037e.JPG,31
scene038a.JPG,32
scene038b.JPG,32
scene038c.JPG,32
scene038d.JPG,32
scene039a.JPG,33
scene039b.JPG,33
scene039c.JPG,33
scene039d.JPG,33
scene040a.JPG,34
scene040b.JPG,34
scene040c.JPG,34
scene041a.JPG,35
scene041b.JPG,35
scene041c.JPG,35
scene041d.JPG,35
scene041e.JPG,35
scene042a.JPG,36
scene042b.JPG,36
scene042c.JPG,36
scene042d.JPG,36
scene043a.JPG,37
scene043b.JPG,37
scene043c.JPG,37
scene043d.JPG,37
scene044a.JPG,38
scene044b.JPG,38
scene044c.JPG,38
scene044d.JPG,38
scene044e.JPG,38
scene044f.JPG,38

